國家,total_crimes,2024年人數,犯罪比例
丹麥,1,NA,NA
亞美尼亞共和國,2,NA,NA
以色列,4,NA,NA
俄羅斯聯邦共和國,1,NA,NA
其他亞洲國家(,2,NA,NA
其他歐州國家(,1,NA,NA
其他非洲國家(,1,NA,NA
加拿大,9,2605,0.00345489443378119
南非,5,NA,NA
南韓,13,5009,0.0025953284088640447
印度,13,5554,0.002340655383507382
印度尼西亞,216,286279,7.545087135277125e-4
史瓦帝尼,2,NA,NA
國籍,4,NA,NA
國籍或國內外來源地區不詳(,3,NA,NA
土耳其,5,NA,NA
埃及,1,NA,NA
墨西哥,1,NA,NA
奈及利亞,6,NA,NA
孟加拉,1,NA,NA
宏都拉斯,1,NA,NA
尼加拉瓜,1,NA,NA
巴布亞紐幾內亞,1,NA,NA
巴拿馬,1,NA,NA
巴西,1,NA,NA
希臘,1,NA,NA
德國,1,NA,NA
愛爾蘭,1,NA,NA
挪威,1,NA,NA
斯洛伐克,1,NA,NA
斯里蘭卡,1,NA,NA
新加坡,2,NA,NA
日本,17,15310,0.0011103853690398431
柬埔寨,2,NA,NA
比利時,1,NA,NA
汶萊,1,NA,NA
法國,6,NA,NA
波蘭,1,NA,NA
泰國,488,78285,0.0062336335185540015
澳大利亞,4,NA,NA
烏克蘭共和國,1,NA,NA
烏茲別克共和國,2,NA,NA
立陶宛共和國,1,NA,NA
紐西蘭,2,NA,NA
緬甸,13,4259,0.0030523597088518433
美國,68,10595,0.006418121755545068
義大利,3,NA,NA
聖露西亞,2,NA,NA
肯亞,1,NA,NA
英國,8,2897,0.002761477390403866
荷蘭,3,NA,NA
菲律賓,122,160331,7.609258346795068e-4
西班牙,2,NA,NA
越南,1369,254937,0.005369954145533994
迦納,1,NA,NA
馬來西亞,40,23761,0.0016834308320356887
馬爾地夫,1,NA,NA
